Aminoacid,AminoacidL,Propensity,Prevalence,Hydrophobicity
Phenylalanine,F,0.84,2.5,0.81
Isoleucine,I,0.81,1.1,1
Valine,V,0.81,1.5,0.97
Tyrosine,Y,0.78,7.8,0.36
Methionine,M,0.67,1.7,0.71
Tryptophan,W,0.67,0,0.4
Cysteine,C,0.42,0,0.78
Serine,S,0.13,10,0.41
Asparagine,N,0.08,23.5,0.11
Glutamine,Q,0.069,22,0.11
Glycine,G,-0.039,12.9,0.46
Leucine,L,-0.04,2.3,0.92
Threonine,T,0.12,2.1,0.42
Histidine,H,-0.28,0.9,0.14
Alanine,A,-0.4,3.9,0.7
Arganine,R,-0.41,2.5,0
GlutamicAcid,E,-0.61,1.5,0.11
Proline,P,-1.2,1.7,0.32
AsparticAcid,D,-1.28,1.3,0.11
Lysine,K,-1.58,0.7,0.07
